objUid,vehicleNum,driverNum,vehicleType,vehicleSpeed,vehicleCoor1,vehicleCoor2,vehicleDir,vehicleRoad,vehiclePath,vehicleDest,recordTime,conflictX,conflictY
CJ0001,V0001,d0001,clean,0,2199.89,2984.18,218.47,144,144 291 292 293 349 350 294 351 352 295 369 370 296 297 298 299 300 301 302,235,50.00 ,2104.85,2864.57
CJ0002,V0001,d0001,clean,1.3,2199.14,2983.24,218.47,144,144 291 292 293 349 350 294 351 352 295 369 370 296 297 298 299 300 301 302,235,45.00 ,2104.85,2864.57
CJ0003,V0001,d0001,clean,2.96,2197.44,2981.1,218.47,144,144 291 292 293 349 350 294 351 352 295 369 370 296 297 298 299 300 301 302,235,41.00 ,2104.85,2864.57
CJ0004,V0001,d0001,clean,4.93,2194.61,2977.54,218.47,144,144 291 292 293 349 350 294 351 352 295 369 370 296 297 298 299 300 301 302,235,38.00 ,2104.85,2864.57
CJ0005,V0001,d0001,clean,6.84,2190.68,2972.6,218.47,144,144 291 292 293 349 350 294 351 352 295 369 370 296 297 298 299 300 301 302,235,35.00 ,2104.85,2864.57
CJ0006,V0001,d0001,clean,9.31,2185.34,2965.87,218.47,144,144 291 292 293 349 350 294 351 352 295 369 370 296 297 298 299 300 301 302,235,33.00 ,2104.85,2864.57
CJ0007,V0001,d0001,clean,10.85,2179.11,2958.03,218.47,144,144 291 292 293 349 350 294 351 352 295 369 370 296 297 298 299 300 301 302,235,31.00 ,2104.85,2864.57
CJ0008,V0001,d0001,clean,13.07,2171.6,2948.58,218.47,144,144 291 292 293 349 350 294 351 352 295 369 370 296 297 298 299 300 301 302,235,25.00 ,2104.85,2864.57
CJ0009,V0001,d0001,clean,13.55,2163.83,2938.8,218.47,144,144 291 292 293 349 350 294 351 352 295 369 370 296 297 298 299 300 301 302,235,18.00 ,2104.85,2864.57
CJ0010,V0001,d0001,clean,14.21,2155.67,2928.52,218.47,144,144 291 292 293 349 350 294 351 352 295 369 370 296 297 298 299 300 301 302,235,15.00 ,2104.85,2864.57
CJ0011,V0001,d0001,clean,14.34,2147.43,2918.16,218.47,144,144 291 292 293 349 350 294 351 352 295 369 370 296 297 298 299 300 301 302,235,13.00 ,2104.85,2864.57
CJ0012,V0001,d0001,clean,14.51,2139.1,2907.68,218.47,144,144 291 292 293 349 350 294 351 352 295 369 370 296 297 298 299 300 301 302,235,10.00 ,2104.85,2864.57
CJ0013,V0001,d0001,clean,14.02,2131.05,2897.55,218.47,144,144 291 292 293 349 350 294 351 352 295 369 370 296 297 298 299 300 301 302,235,5.00 ,2104.85,2864.57
CJ0014,V0001,d0001,clean,13.72,2123.17,2887.63,218.47,144,144 291 292 293 349 350 294 351 352 295 369 370 296 297 298 299 300 301 302,235,0.00 ,2104.85,2864.57
CJ0015,V0001,d0001,clean,13.32,2104.85,2864.57,218.42,292,144 291 292 293 349 350 294 351 352 295 369 370 296 297 298 299 300 301 302,235,100.00 ,1959.49,2681.64
CJ0016,V0001,d0001,clean,13.3,2103.79,2863.23,218.42,292,144 291 292 293 349 350 294 351 352 295 369 370 296 297 298 299 300 301 302,235,94.00 ,1959.49,2681.64
CJ0017,V0001,d0001,clean,13.25,2089.48,2845.23,218.46,293,144 291 292 293 349 350 294 351 352 295 369 370 296 297 298 299 300 301 302,235,93.00 ,1959.49,2681.64
CJ0018,V0001,d0001,clean,14.48,2084.33,2838.74,218.46,293,144 291 292 293 349 350 294 351 352 295 369 370 296 297 298 299 300 301 302,235,90.00 ,1959.49,2681.64
CJ0019,V0001,d0001,clean,14.45,2079.19,2832.28,218.46,293,144 291 292 293 349 350 294 351 352 295 369 370 296 297 298 299 300 301 302,235,89.00 ,1959.49,2681.64
CJ0020,V0001,d0001,clean,13.92,2062.11,2810.77,218.44,350,144 291 292 293 349 350 294 351 352 295 369 370 296 297 298 299 300 301 302,235,82.00 ,1959.49,2681.64
CJ0021,V0001,d0001,clean,14.11,2057.11,2804.49,218.49,350,144 291 292 293 349 350 294 351 352 295 369 370 296 297 298 299 300 301 302,235,70.00 ,1959.49,2681.64
CJ0022,V0001,d0001,clean,14.33,2043.17,2786.94,218.47,294,144 291 292 293 349 350 294 351 352 295 369 370 296 297 298 299 300 301 302,235,60.00 ,1959.49,2681.64
CJ0023,V0001,d0001,clean,13.72,2039.96,2782.92,218.53,294,144 291 292 293 349 350 294 351 352 295 369 370 296 297 298 299 300 301 302,235,50.00 ,1959.49,2681.64
CJ0024,V0001,d0001,clean,14.03,2025.01,2764.1,218.49,352,144 291 292 293 349 350 294 351 352 295 369 370 296 297 298 299 300 301 302,235,40.00 ,1959.49,2681.64
CJ0025,V0001,d0001,clean,13.24,2020.91,2758.94,218.46,352,144 291 292 293 349 350 294 351 352 295 369 370 296 297 298 299 300 301 302,235,32.00 ,1959.49,2681.64
CJ0026,V0001,d0001,clean,13.81,2016.64,2753.56,218.46,352,144 291 292 293 349 350 294 351 352 295 369 370 296 297 298 299 300 301 302,235,20.00 ,1959.49,2681.64
CJ0027,V0001,d0001,clean,13.95,2003.15,2736.58,218.47,295,144 291 292 293 349 350 294 351 352 295 369 370 296 297 298 299 300 301 302,235,15.00 ,1959.49,2681.64
CJ0028,V0001,d0001,clean,13.6,1998.94,2731.28,218.47,295,144 291 292 293 349 350 294 351 352 295 369 370 296 297 298 299 300 301 302,235,11.00 ,1959.49,2681.64
CJ0029,V0001,d0001,clean,14.22,1994.54,2725.75,218.47,295,144 291 292 293 349 350 294 351 352 295 369 370 296 297 298 299 300 301 302,235,9.00 ,1959.49,2681.64
CJ0030,V0001,d0001,clean,14.1,1979.11,2706.33,218.47,370,144 291 292 293 349 350 294 351 352 295 369 370 296 297 298 299 300 301 302,235,8.00 ,1959.49,2681.64
CJ0031,V0001,d0001,clean,13.61,1974.93,2701.06,218.48,370,144 291 292 293 349 350 294 351 352 295 369 370 296 297 298 299 300 301 302,235,7.00 ,1959.49,2681.64
CJ0032,V0001,d0001,clean,13.67,1959.49,2681.64,218.47,296,144 291 292 293 349 350 294 351 352 295 369 370 296 297 298 299 300 301 302,235,6.00 ,1959.49,2681.64
CJ0033,V0001,d0001,clean,13.64,1954.29,2675.1,218.47,296,144 291 292 293 349 350 294 351 352 295 369 370 296 297 298 299 300 301 302,235,300.00 ,1764.4,2436.12
CJ0034,V0001,d0001,clean,14.45,1948.79,2668.17,218.47,296,144 291 292 293 349 350 294 351 352 295 369 370 296 297 298 299 300 301 302,235,270.00 ,1764.4,2436.12
CJ0035,V0001,d0001,clean,12.38,1934.65,2650.37,218.46,297,144 291 292 293 349 350 294 351 352 295 369 370 296 297 298 299 300 301 302,235,250.00 ,1764.4,2436.12
CJ0036,V0001,d0001,clean,8.03,1934.59,2650.3,218.66,297,144 291 292 293 349 350 294 351 352 295 369 370 296 297 298 299 300 301 302,235,210.00 ,1764.4,2436.12
CJ0037,V0001,d0001,clean,3.55,1934.57,2650.27,218.66,297,144 291 292 293 349 350 294 351 352 295 369 370 296 297 298 299 300 301 302,235,200.00 ,1764.4,2436.12
CJ0038,V0001,d0001,clean,6.06,1928.15,2642.19,218.47,298,144 291 292 293 349 350 294 351 352 295 369 370 296 297 298 299 300 301 302,235,180.00 ,1764.4,2436.12
CJ0039,V0001,d0001,clean,8,1928.09,2642.12,219.09,298,144 291 292 293 349 350 294 351 352 295 369 370 296 297 298 299 300 301 302,235,170.00 ,1764.4,2436.12
CJ0040,V0001,d0001,clean,6.59,1919.79,2631.67,218.49,299,144 291 292 293 349 350 294 351 352 295 369 370 296 297 298 299 300 301 302,235,160.00 ,1764.4,2436.12
CJ0041,V0001,d0001,clean,8.29,1911.48,2621.22,218.45,300,144 291 292 293 349 350 294 351 352 295 369 370 296 297 298 299 300 301 302,235,150.00 ,1764.4,2436.12
CJ0042,V0001,d0001,clean,10.87,1907.92,2616.74,218.45,300,144 291 292 293 349 350 294 351 352 295 369 370 296 297 298 299 300 301 302,235,140.00 ,1764.4,2436.12
CJ0043,V0001,d0001,clean,13.4,1903.53,2611.21,218.45,300,144 291 292 293 349 350 294 351 352 295 369 370 296 297 298 299 300 301 302,235,130.00 ,1764.4,2436.12
CJ0044,V0001,d0001,clean,14.44,1888.58,2592.4,218.49,301,144 291 292 293 349 350 294 351 352 295 369 370 296 297 298 299 300 301 302,235,120.00 ,1764.4,2436.12
CJ0045,V0001,d0001,clean,14.44,1885.21,2588.16,218.47,301,144 291 292 293 349 350 294 351 352 295 369 370 296 297 298 299 300 301 302,235,110.00 ,1764.4,2436.12
CJ0046,V0001,d0001,clean,13.55,1868.95,2567.69,218.47,302,144 291 292 293 349 350 294 351 352 295 369 370 296 297 298 299 300 301 302,235,100.00 ,1764.4,2436.12
CJ0047,V0001,d0001,clean,13.54,1861.14,2557.86,218.47,302,144 291 292 293 349 350 294 351 352 295 369 370 296 297 298 299 300 301 302,235,90.00 ,1764.4,2436.12
CJ0048,V0001,d0001,clean,14.28,1852.9,2547.5,218.47,302,144 291 292 293 349 350 294 351 352 295 369 370 296 297 298 299 300 301 302,235,88.00 ,1764.4,2436.12
CJ0049,V0001,d0001,clean,14.19,1844.72,2537.2,218.47,302,144 291 292 293 349 350 294 351 352 295 369 370 296 297 298 299 300 301 302,235,87.00 ,1764.4,2436.12
CJ0050,V0001,d0001,clean,13.75,1836.79,2527.22,218.47,302,144 291 292 293 349 350 294 351 352 295 369 370 296 297 298 299 300 301 302,235,85.00 ,1764.4,2436.12
CJ0051,V0001,d0001,clean,14.42,1828.47,2516.75,218.47,302,144 291 292 293 349 350 294 351 352 295 369 370 296 297 298 299 300 301 302,235,84.00 ,1764.4,2436.12
CJ0052,V0001,d0001,clean,13.35,1820.77,2507.06,218.47,302,144 291 292 293 349 350 294 351 352 295 369 370 296 297 298 299 300 301 302,235,70.00 ,1764.4,2436.12
CJ0053,V0001,d0001,clean,14.11,1812.63,2496.81,218.47,302,144 291 292 293 349 350 294 351 352 295 369 370 296 297 298 299 300 301 302,235,60.00 ,1764.4,2436.12
CJ0054,V0001,d0001,clean,13.75,1804.7,2486.83,218.47,302,144 291 292 293 349 350 294 351 352 295 369 370 296 297 298 299 300 301 302,235,40.00 ,1764.4,2436.12
CJ0055,V0001,d0001,clean,14.25,1796.47,2476.49,218.47,302,144 291 292 293 349 350 294 351 352 295 369 370 296 297 298 299 300 301 302,235,30.00 ,1764.4,2436.12
CJ0056,V0001,d0001,clean,13.7,1788.57,2466.54,218.47,302,144 291 292 293 349 350 294 351 352 295 369 370 296 297 298 299 300 301 302,235,20.00 ,1764.4,2436.12
CJ0057,V0001,d0001,clean,14.06,1780.46,2456.34,218.47,302,144 291 292 293 349 350 294 351 352 295 369 370 296 297 298 299 300 301 302,235,10.00 ,1764.4,2436.12
CJ0058,V0001,d0001,clean,14.52,1772.09,2445.79,218.47,302,144 291 292 293 349 350 294 351 352 295 369 370 296 297 298 299 300 301 302,235,9.00 ,1764.4,2436.12
CJ0059,V0001,d0001,clean,13.32,1764.4,2436.12,218.47,302,144 291 292 293 349 350 294 351 352 295 369 370 296 297 298 299 300 301 302,235,8.00 ,1764.4,2436.12
CJ0060,V0002,d0001,clean,0,1767.37,2434.71,38.47,1692,1692 1691 1690 1689 1688 1687 1686 1760 1759 1685 1742 1741 1684 1740 1739 1683 1682 1681 1534,11,100.00 ,2199.02,2977.94
CJ0061,V0002,d0001,clean,1.79,1768.4,2436.01,38.47,1692,1692 1691 1690 1689 1688 1687 1686 1760 1759 1685 1742 1741 1684 1740 1739 1683 1682 1681 1534,11,98.00 ,2199.02,2977.94
CJ0062,V0002,d0001,clean,3.76,1770.57,2438.74,38.47,1692,1692 1691 1690 1689 1688 1687 1686 1760 1759 1685 1742 1741 1684 1740 1739 1683 1682 1681 1534,11,96.00 ,2199.02,2977.94
CJ0063,V0002,d0001,clean,5.49,1773.74,2442.72,38.47,1692,1692 1691 1690 1689 1688 1687 1686 1760 1759 1685 1742 1741 1684 1740 1739 1683 1682 1681 1534,11,94.00 ,2199.02,2977.94
CJ0064,V0002,d0001,clean,7.38,1777.99,2448.08,38.47,1692,1692 1691 1690 1689 1688 1687 1686 1760 1759 1685 1742 1741 1684 1740 1739 1683 1682 1681 1534,11,92.00 ,2199.02,2977.94
CJ0065,V0002,d0001,clean,9.56,1783.51,2455.02,38.47,1692,1692 1691 1690 1689 1688 1687 1686 1760 1759 1685 1742 1741 1684 1740 1739 1683 1682 1681 1534,11,90.00 ,2199.02,2977.94
CJ0066,V0002,d0001,clean,12.01,1790.43,2463.73,38.47,1692,1692 1691 1690 1689 1688 1687 1686 1760 1759 1685 1742 1741 1684 1740 1739 1683 1682 1681 1534,11,88.00 ,2199.02,2977.94
CJ0067,V0002,d0001,clean,13.59,1798.27,2473.6,38.47,1692,1692 1691 1690 1689 1688 1687 1686 1760 1759 1685 1742 1741 1684 1740 1739 1683 1682 1681 1534,11,86.00 ,2199.02,2977.94
CJ0068,V0002,d0001,clean,15.02,1806.93,2484.5,38.47,1692,1692 1691 1690 1689 1688 1687 1686 1760 1759 1685 1742 1741 1684 1740 1739 1683 1682 1681 1534,11,84.00 ,2199.02,2977.94
CJ0069,V0002,d0001,clean,14.64,1815.38,2495.13,38.47,1692,1692 1691 1690 1689 1688 1687 1686 1760 1759 1685 1742 1741 1684 1740 1739 1683 1682 1681 1534,11,82.00 ,2199.02,2977.94
CJ0070,V0002,d0001,clean,13.79,1823.33,2505.14,38.47,1692,1692 1691 1690 1689 1688 1687 1686 1760 1759 1685 1742 1741 1684 1740 1739 1683 1682 1681 1534,11,80.00 ,2199.02,2977.94
CJ0071,V0002,d0001,clean,14.29,1831.58,2515.51,38.47,1692,1692 1691 1690 1689 1688 1687 1686 1760 1759 1685 1742 1741 1684 1740 1739 1683 1682 1681 1534,11,78.00 ,2199.02,2977.94
CJ0072,V0002,d0001,clean,14.71,1840.06,2526.19,38.47,1692,1692 1691 1690 1689 1688 1687 1686 1760 1759 1685 1742 1741 1684 1740 1739 1683 1682 1681 1534,11,76.00 ,2199.02,2977.94
CJ0073,V0002,d0001,clean,14.92,1848.67,2537.03,38.47,1692,1692 1691 1690 1689 1688 1687 1686 1760 1759 1685 1742 1741 1684 1740 1739 1683 1682 1681 1534,11,74.00 ,2199.02,2977.94
CJ0074,V0002,d0001,clean,14.62,1857.11,2547.64,38.47,1692,1692 1691 1690 1689 1688 1687 1686 1760 1759 1685 1742 1741 1684 1740 1739 1683 1682 1681 1534,11,72.00 ,2199.02,2977.94
CJ0075,V0002,d0001,clean,14.68,1865.57,2558.3,38.47,1692,1692 1691 1690 1689 1688 1687 1686 1760 1759 1685 1742 1741 1684 1740 1739 1683 1682 1681 1534,11,70.00 ,2199.02,2977.94
CJ0076,V0002,d0001,clean,14.41,1873.88,2568.75,38.47,1692,1692 1691 1690 1689 1688 1687 1686 1760 1759 1685 1742 1741 1684 1740 1739 1683 1682 1681 1534,11,65.00 ,2199.02,2977.94
CJ0077,V0002,d0001,clean,14.33,1888.88,2587.63,38.47,1691,1692 1691 1690 1689 1688 1687 1686 1760 1759 1685 1742 1741 1684 1740 1739 1683 1682 1681 1534,11,60.00 ,2199.02,2977.94
CJ0078,V0002,d0001,clean,14.18,1902.85,2605.21,38.47,1690,1692 1691 1690 1689 1688 1687 1686 1760 1759 1685 1742 1741 1684 1740 1739 1683 1682 1681 1534,11,55.00 ,2199.02,2977.94
CJ0079,V0002,d0001,clean,13.88,1907.4,2610.94,38.47,1690,1692 1691 1690 1689 1688 1687 1686 1760 1759 1685 1742 1741 1684 1740 1739 1683 1682 1681 1534,11,50.00 ,2199.02,2977.94
CJ0080,V0002,d0001,clean,12.73,1911.57,2616.19,38.47,1690,1692 1691 1690 1689 1688 1687 1686 1760 1759 1685 1742 1741 1684 1740 1739 1683 1682 1681 1534,11,45.00 ,2199.02,2977.94
CJ0081,V0002,d0001,clean,8.23,1914.27,2619.58,38.47,1690,1692 1691 1690 1689 1688 1687 1686 1760 1759 1685 1742 1741 1684 1740 1739 1683 1682 1681 1534,11,40.00 ,2199.02,2977.94
CJ0082,V0002,d0001,clean,3.95,1915.56,2621.21,38.47,1690,1692 1691 1690 1689 1688 1687 1686 1760 1759 1685 1742 1741 1684 1740 1739 1683 1682 1681 1534,11,35.00 ,2199.02,2977.94
CJ0083,V0002,d0001,clean,6.15,1930.57,2640.09,38.47,1688,1692 1691 1690 1689 1688 1687 1686 1760 1759 1685 1742 1741 1684 1740 1739 1683 1682 1681 1534,11,30.00 ,2199.02,2977.94
CJ0084,V0002,d0001,clean,7.77,1930.62,2640.16,36.87,1688,1692 1691 1690 1689 1688 1687 1686 1760 1759 1685 1742 1741 1684 1740 1739 1683 1682 1681 1534,11,25.00 ,2199.02,2977.94
CJ0085,V0002,d0001,clean,6.44,1930.66,2640.22,36.87,1688,1692 1691 1690 1689 1688 1687 1686 1760 1759 1685 1742 1741 1684 1740 1739 1683 1682 1681 1534,11,20.00 ,2199.02,2977.94
CJ0086,V0002,d0001,clean,8.72,1937.11,2648.32,40.91,1687,1692 1691 1690 1689 1688 1687 1686 1760 1759 1685 1742 1741 1684 1740 1739 1683 1682 1681 1534,11,19.00 ,2199.02,2977.94
CJ0087,V0002,d0001,clean,10.07,1937.18,2648.41,40.91,1687,1692 1691 1690 1689 1688 1687 1686 1760 1759 1685 1742 1741 1684 1740 1739 1683 1682 1681 1534,11,18.00 ,2199.02,2977.94
CJ0088,V0002,d0001,clean,11.58,1952.29,2667.44,38.48,1686,1692 1691 1690 1689 1688 1687 1686 1760 1759 1685 1742 1741 1684 1740 1739 1683 1682 1681 1534,11,17.00 ,2199.02,2977.94
CJ0089,V0002,d0001,clean,13.9,1957.59,2674.11,38.48,1686,1692 1691 1690 1689 1688 1687 1686 1760 1759 1685 1742 1741 1684 1740 1739 1683 1682 1681 1534,11,16.00 ,2199.02,2977.94
CJ0090,V0002,d0001,clean,14.9,1963.28,2681.26,38.48,1686,1692 1691 1690 1689 1688 1687 1686 1760 1759 1685 1742 1741 1684 1740 1739 1683 1682 1681 1534,11,15.00 ,2199.02,2977.94
CJ0091,V0002,d0001,clean,14.17,1978.6,2700.55,38.44,1760,1692 1691 1690 1689 1688 1687 1686 1760 1759 1685 1742 1741 1684 1740 1739 1683 1682 1681 1534,11,14.00 ,2199.02,2977.94
CJ0092,V0002,d0001,clean,14,1988.82,2713.41,38.48,1759,1692 1691 1690 1689 1688 1687 1686 1760 1759 1685 1742 1741 1684 1740 1739 1683 1682 1681 1534,11,13.00 ,2199.02,2977.94
CJ0093,V0002,d0001,clean,13.98,1998.32,2725.36,38.49,1685,1692 1691 1690 1689 1688 1687 1686 1760 1759 1685 1742 1741 1684 1740 1739 1683 1682 1681 1534,11,12.00 ,2199.02,2977.94
CJ0094,V0002,d0001,clean,13.82,2002.6,2730.74,38.49,1685,1692 1691 1690 1689 1688 1687 1686 1760 1759 1685 1742 1741 1684 1740 1739 1683 1682 1681 1534,11,11.00 ,2199.02,2977.94
CJ0095,V0002,d0001,clean,14.96,2016.39,2748.1,38.45,1742,1692 1691 1690 1689 1688 1687 1686 1760 1759 1685 1742 1741 1684 1740 1739 1683 1682 1681 1534,11,10.00 ,2199.02,2977.94
CJ0096,V0002,d0001,clean,14.64,2020.92,2753.81,38.48,1742,1692 1691 1690 1689 1688 1687 1686 1760 1759 1685 1742 1741 1684 1740 1739 1683 1682 1681 1534,11,9.00 ,2199.02,2977.94
CJ0097,V0002,d0001,clean,14.45,2025.4,2759.44,38.48,1742,1692 1691 1690 1689 1688 1687 1686 1760 1759 1685 1742 1741 1684 1740 1739 1683 1682 1681 1534,11,8.00 ,2199.02,2977.94
CJ0098,V0002,d0001,clean,15.03,2034.69,2771.13,40.91,1741,1692 1691 1690 1689 1688 1687 1686 1760 1759 1685 1742 1741 1684 1740 1739 1683 1682 1681 1534,11,7.00 ,2199.02,2977.94
CJ0099,V0002,d0001,clean,14.51,2044.49,2783.47,38.47,1684,1692 1691 1690 1689 1688 1687 1686 1760 1759 1685 1742 1741 1684 1740 1739 1683 1682 1681 1534,11,6.00 ,2199.02,2977.94
CJ0100,V0002,d0001,clean,14.61,2057.92,2800.37,38.49,1740,1692 1691 1690 1689 1688 1687 1686 1760 1759 1685 1742 1741 1684 1740 1739 1683 1682 1681 1534,11,5.00 ,2199.02,2977.94
CJ0101,V0002,d0001,clean,13.97,2062.87,2806.59,38.49,1740,1692 1691 1690 1689 1688 1687 1686 1760 1759 1685 1742 1741 1684 1740 1739 1683 1682 1681 1534,11,4.00 ,2199.02,2977.94
CJ0102,V0002,d0001,clean,14.86,2080.28,2828.5,38.48,1683,1692 1691 1690 1689 1688 1687 1686 1760 1759 1685 1742 1741 1684 1740 1739 1683 1682 1681 1534,11,3.00 ,2199.02,2977.94
CJ0103,V0002,d0001,clean,13.99,2085.25,2834.76,38.47,1683,1692 1691 1690 1689 1688 1687 1686 1760 1759 1685 1742 1741 1684 1740 1739 1683 1682 1681 1534,11,2.00 ,2199.02,2977.94
CJ0104,V0002,d0001,clean,15.03,2090.6,2841.5,38.47,1683,1692 1691 1690 1689 1688 1687 1686 1760 1759 1685 1742 1741 1684 1740 1739 1683 1682 1681 1534,11,1.00 ,2199.02,2977.94
CJ0117,V0003,d0001,oil,0,1604.82,2235.29,218.49,311,311 312 313 314 315 316 317 318 319 320 321 322 323 324 364 1679 1678 1532 1589 1586 2171,582,500.00 ,1196.23,1711.79
CJ0118,V0003,d0001,oil,1.44,1604.39,2234.74,218.49,311,311 312 313 314 315 316 317 318 319 320 321 322 323 324 364 1679 1678 1532 1589 1586 2171,582,490.00 ,1196.23,1711.79
CJ0119,V0003,d0001,oil,3.12,1603.46,2233.57,218.49,311,311 312 313 314 315 316 317 318 319 320 321 322 323 324 364 1679 1678 1532 1589 1586 2171,582,440.00 ,1196.23,1711.79
CJ0120,V0003,d0001,oil,5.66,1601.76,2231.44,218.49,311,311 312 313 314 315 316 317 318 319 320 321 322 323 324 364 1679 1678 1532 1589 1586 2171,582,416.67 ,1196.23,1711.79
CJ0121,V0003,d0001,oil,7.62,1599.48,2228.57,218.49,311,311 312 313 314 315 316 317 318 319 320 321 322 323 324 364 1679 1678 1532 1589 1586 2171,582,414.00 ,1196.23,1711.79
CJ0122,V0003,d0001,oil,9.45,1596.64,2225,218.49,311,311 312 313 314 315 316 317 318 319 320 321 322 323 324 364 1679 1678 1532 1589 1586 2171,582,411.33 ,1196.23,1711.79
CJ0123,V0003,d0001,oil,11.99,1584.55,2209.77,218.46,312,311 312 313 314 315 316 317 318 319 320 321 322 323 324 364 1679 1678 1532 1589 1586 2171,582,408.67 ,1196.23,1711.79
CJ0124,V0003,d0001,oil,12.3,1581.57,2206.02,218.46,312,311 312 313 314 315 316 317 318 319 320 321 322 323 324 364 1679 1678 1532 1589 1586 2171,582,406.00 ,1196.23,1711.79
CJ0125,V0003,d0001,oil,11.9,1571.03,2192.77,219.09,313,311 312 313 314 315 316 317 318 319 320 321 322 323 324 364 1679 1678 1532 1589 1586 2171,582,403.33 ,1196.23,1711.79
CJ0126,V0003,d0001,oil,11.46,1560.83,2179.93,218.47,314,311 312 313 314 315 316 317 318 319 320 321 322 323 324 364 1679 1678 1532 1589 1586 2171,582,400.67 ,1196.23,1711.79
CJ0127,V0003,d0001,oil,12.01,1549.7,2165.92,218.47,315,311 312 313 314 315 316 317 318 319 320 321 322 323 324 364 1679 1678 1532 1589 1586 2171,582,398.00 ,1196.23,1711.79
CJ0128,V0003,d0001,oil,11.74,1546.05,2161.32,218.47,315,311 312 313 314 315 316 317 318 319 320 321 322 323 324 364 1679 1678 1532 1589 1586 2171,582,395.33 ,1196.23,1711.79
CJ0129,V0003,d0001,oil,11.66,1542.41,2156.74,218.47,315,311 312 313 314 315 316 317 318 319 320 321 322 323 324 364 1679 1678 1532 1589 1586 2171,582,392.67 ,1196.23,1711.79
CJ0130,V0003,d0001,oil,12.27,1538.59,2151.93,218.47,315,311 312 313 314 315 316 317 318 319 320 321 322 323 324 364 1679 1678 1532 1589 1586 2171,582,390.00 ,1196.23,1711.79
CJ0131,V0003,d0001,oil,11.43,1524.44,2134.12,218.47,316,311 312 313 314 315 316 317 318 319 320 321 322 323 324 364 1679 1678 1532 1589 1586 2171,582,387.33 ,1196.23,1711.79
CJ0132,V0003,d0001,oil,11.14,1521.09,2129.91,218.46,316,311 312 313 314 315 316 317 318 319 320 321 322 323 324 364 1679 1678 1532 1589 1586 2171,582,384.67 ,1196.23,1711.79
CJ0133,V0003,d0001,oil,12.31,1517.39,2125.25,218.46,316,311 312 313 314 315 316 317 318 319 320 321 322 323 324 364 1679 1678 1532 1589 1586 2171,582,382.00 ,1196.23,1711.79
CJ0134,V0003,d0001,oil,11.88,1504.12,2108.56,218.49,317,311 312 313 314 315 316 317 318 319 320 321 322 323 324 364 1679 1678 1532 1589 1586 2171,582,379.33 ,1196.23,1711.79
CJ0135,V0003,d0001,oil,11.73,1491.57,2092.77,218.47,318,311 312 313 314 315 316 317 318 319 320 321 322 323 324 364 1679 1678 1532 1589 1586 2171,582,376.67 ,1196.23,1711.79
CJ0136,V0003,d0001,oil,12.2,1487.57,2087.73,218.45,318,311 312 313 314 315 316 317 318 319 320 321 322 323 324 364 1679 1678 1532 1589 1586 2171,582,374.00 ,1196.23,1711.79
CJ0137,V0003,d0001,oil,11.57,1483.78,2082.96,218.45,318,311 312 313 314 315 316 317 318 319 320 321 322 323 324 364 1679 1678 1532 1589 1586 2171,582,371.33 ,1196.23,1711.79
CJ0138,V0003,d0001,oil,12.26,1479.77,2077.9,218.45,318,311 312 313 314 315 316 317 318 319 320 321 322 323 324 364 1679 1678 1532 1589 1586 2171,582,368.67 ,1196.23,1711.79
CJ0139,V0003,d0001,oil,11.92,1466.6,2061.34,218.48,319,311 312 313 314 315 316 317 318 319 320 321 322 323 324 364 1679 1678 1532 1589 1586 2171,582,366.00 ,1196.23,1711.79
CJ0140,V0003,d0001,oil,11.83,1462.42,2056.08,218.48,319,311 312 313 314 315 316 317 318 319 320 321 322 323 324 364 1679 1678 1532 1589 1586 2171,582,363.33 ,1196.23,1711.79
CJ0141,V0003,d0001,oil,12.14,1453.67,2045.07,216.87,320,311 312 313 314 315 316 317 318 319 320 321 322 323 324 364 1679 1678 1532 1589 1586 2171,582,360.67 ,1196.23,1711.79
CJ0142,V0003,d0001,oil,11.69,1445.28,2034.51,218.44,321,311 312 313 314 315 316 317 318 319 320 321 322 323 324 364 1679 1678 1532 1589 1586 2171,582,358.00 ,1196.23,1711.79
CJ0143,V0003,d0001,oil,11.35,1442.64,2031.18,218.44,321,311 312 313 314 315 316 317 318 319 320 321 322 323 324 364 1679 1678 1532 1589 1586 2171,582,355.33 ,1196.23,1711.79
CJ0144,V0003,d0001,oil,11.85,1430.41,2015.79,218.49,322,311 312 313 314 315 316 317 318 319 320 321 322 323 324 364 1679 1678 1532 1589 1586 2171,582,352.67 ,1196.23,1711.79
CJ0145,V0003,d0001,oil,11.05,1427.3,2011.87,218.49,322,311 312 313 314 315 316 317 318 319 320 321 322 323 324 364 1679 1678 1532 1589 1586 2171,582,350.00 ,1196.23,1711.79
CJ0146,V0003,d0001,oil,11.77,1423.98,2007.7,218.49,322,311 312 313 314 315 316 317 318 319 320 321 322 323 324 364 1679 1678 1532 1589 1586 2171,582,347.33 ,1196.23,1711.79
CJ0147,V0003,d0001,oil,11.3,1420.8,2003.7,218.49,322,311 312 313 314 315 316 317 318 319 320 321 322 323 324 364 1679 1678 1532 1589 1586 2171,582,344.67 ,1196.23,1711.79
CJ0148,V0003,d0001,oil,11.57,1400.33,1977.92,218.47,323,311 312 313 314 315 316 317 318 319 320 321 322 323 324 364 1679 1678 1532 1589 1586 2171,582,342.00 ,1196.23,1711.79
CJ0149,V0003,d0001,oil,11.9,1393.38,1969.19,218.47,323,311 312 313 314 315 316 317 318 319 320 321 322 323 324 364 1679 1678 1532 1589 1586 2171,582,339.33 ,1196.23,1711.79
CJ0150,V0003,d0001,oil,11.12,1386.89,1961.02,218.47,323,311 312 313 314 315 316 317 318 319 320 321 322 323 324 364 1679 1678 1532 1589 1586 2171,582,336.67 ,1196.23,1711.79
CJ0151,V0003,d0001,oil,12.23,1379.75,1952.03,218.47,323,311 312 313 314 315 316 317 318 319 320 321 322 323 324 364 1679 1678 1532 1589 1586 2171,582,334.00 ,1196.23,1711.79
CJ0152,V0003,d0001,oil,11.36,1373.12,1943.69,218.47,323,311 312 313 314 315 316 317 318 319 320 321 322 323 324 364 1679 1678 1532 1589 1586 2171,582,331.33 ,1196.23,1711.79
CJ0153,V0003,d0001,oil,11.9,1366.17,1934.95,218.47,323,311 312 313 314 315 316 317 318 319 320 321 322 323 324 364 1679 1678 1532 1589 1586 2171,582,328.67 ,1196.23,1711.79
CJ0154,V0003,d0001,oil,11.45,1359.49,1926.53,218.47,323,311 312 313 314 315 316 317 318 319 320 321 322 323 324 364 1679 1678 1532 1589 1586 2171,582,326.00 ,1196.23,1711.79
CJ0155,V0003,d0001,oil,11.17,1352.97,1918.33,218.47,323,311 312 313 314 315 316 317 318 319 320 321 322 323 324 364 1679 1678 1532 1589 1586 2171,582,323.33 ,1196.23,1711.79
CJ0156,V0003,d0001,oil,12,1345.97,1909.52,218.47,323,311 312 313 314 315 316 317 318 319 320 321 322 323 324 364 1679 1678 1532 1589 1586 2171,582,320.67 ,1196.23,1711.79
CJ0157,V0003,d0001,oil,12.18,1338.86,1900.57,218.47,323,311 312 313 314 315 316 317 318 319 320 321 322 323 324 364 1679 1678 1532 1589 1586 2171,582,318.00 ,1196.23,1711.79
CJ0158,V0003,d0001,oil,12.15,1331.77,1891.65,218.47,323,311 312 313 314 315 316 317 318 319 320 321 322 323 324 364 1679 1678 1532 1589 1586 2171,582,315.33 ,1196.23,1711.79
CJ0159,V0003,d0001,oil,12.08,1324.71,1882.78,218.47,323,311 312 313 314 315 316 317 318 319 320 321 322 323 324 364 1679 1678 1532 1589 1586 2171,582,312.67 ,1196.23,1711.79
CJ0160,V0003,d0001,oil,12.11,1317.64,1873.88,218.47,323,311 312 313 314 315 316 317 318 319 320 321 322 323 324 364 1679 1678 1532 1589 1586 2171,582,310.00 ,1196.23,1711.79
CJ0161,V0003,d0001,oil,11.41,1310.98,1865.5,218.47,323,311 312 313 314 315 316 317 318 319 320 321 322 323 324 364 1679 1678 1532 1589 1586 2171,582,307.33 ,1196.23,1711.79
CJ0162,V0003,d0001,oil,11.54,1304.25,1857.02,218.47,323,311 312 313 314 315 316 317 318 319 320 321 322 323 324 364 1679 1678 1532 1589 1586 2171,582,304.67 ,1196.23,1711.79
CJ0163,V0003,d0001,oil,11.8,1297.36,1848.35,218.47,323,311 312 313 314 315 316 317 318 319 320 321 322 323 324 364 1679 1678 1532 1589 1586 2171,582,302.00 ,1196.23,1711.79
CJ0164,V0003,d0001,oil,11.02,1282.74,1829.95,218.46,324,311 312 313 314 315 316 317 318 319 320 321 322 323 324 364 1679 1678 1532 1589 1586 2171,582,299.33 ,1196.23,1711.79
CJ0165,V0003,d0001,oil,11.23,1279.26,1825.56,218.46,324,311 312 313 314 315 316 317 318 319 320 321 322 323 324 364 1679 1678 1532 1589 1586 2171,582,296.67 ,1196.23,1711.79
CJ0166,V0003,d0001,oil,11.18,1269.71,1813.85,219.35,364,311 312 313 314 315 316 317 318 319 320 321 322 323 324 364 1679 1678 1532 1589 1586 2171,582,294.00 ,1196.23,1711.79
CJ0167,V0003,d0001,oil,12.08,1263.07,1803.74,214.03,1679,311 312 313 314 315 316 317 318 319 320 321 322 323 324 364 1679 1678 1532 1589 1586 2171,582,291.33 ,1196.23,1711.79
CJ0168,V0003,d0001,oil,11.2,1260.32,1799.67,214.03,1679,311 312 313 314 315 316 317 318 319 320 321 322 323 324 364 1679 1678 1532 1589 1586 2171,582,288.67 ,1196.23,1711.79
CJ0169,V0003,d0001,oil,8.79,1258.16,1796.47,214.03,1679,311 312 313 314 315 316 317 318 319 320 321 322 323 324 364 1679 1678 1532 1589 1586 2171,582,286.00 ,1196.23,1711.79
CJ0170,V0003,d0001,oil,4.29,1257.11,1794.91,214.03,1679,311 312 313 314 315 316 317 318 319 320 321 322 323 324 364 1679 1678 1532 1589 1586 2171,582,283.33 ,1196.23,1711.79
CJ0171,V0003,d0001,oil,5.69,1247.64,1780.55,213.37,1678,311 312 313 314 315 316 317 318 319 320 321 322 323 324 364 1679 1678 1532 1589 1586 2171,582,280.67 ,1196.23,1711.79
CJ0172,V0003,d0001,oil,7.24,1246.23,1778.35,212.78,1678,311 312 313 314 315 316 317 318 319 320 321 322 323 324 364 1679 1678 1532 1589 1586 2171,582,278.00 ,1196.23,1711.79
CJ0173,V0003,d0001,oil,9.03,1244.46,1775.61,212.78,1678,311 312 313 314 315 316 317 318 319 320 321 322 323 324 364 1679 1678 1532 1589 1586 2171,582,275.33 ,1196.23,1711.79
CJ0174,V0003,d0001,oil,11.03,1236.23,1762.81,212.73,1532,311 312 313 314 315 316 317 318 319 320 321 322 323 324 364 1679 1678 1532 1589 1586 2171,582,272.67 ,1196.23,1711.79
CJ0175,V0003,d0001,oil,11.6,1228.31,1752.22,218.39,1589,311 312 313 314 315 316 317 318 319 320 321 322 323 324 364 1679 1678 1532 1589 1586 2171,582,270.00 ,1196.23,1711.79
CJ0176,V0003,d0001,oil,12.26,1224.6,1747.54,218.41,1589,311 312 313 314 315 316 317 318 319 320 321 322 323 324 364 1679 1678 1532 1589 1586 2171,582,267.33 ,1196.23,1711.79
CJ0177,V0003,d0001,oil,11.92,1216.1,1736.83,216.87,1586,311 312 313 314 315 316 317 318 319 320 321 322 323 324 364 1679 1678 1532 1589 1586 2171,582,264.67 ,1196.23,1711.79
CJ0178,V0003,d0001,oil,12.07,1205.36,1723.29,218.43,2171,311 312 313 314 315 316 317 318 319 320 321 322 323 324 364 1679 1678 1532 1589 1586 2171,582,262.00 ,1196.23,1711.79
CJ0179,V0003,d0001,oil,12.01,1200.77,1717.51,218.43,2171,311 312 313 314 315 316 317 318 319 320 321 322 323 324 364 1679 1678 1532 1589 1586 2171,582,259.33 ,1196.23,1711.79
CJ0180,V0003,d0001,oil,11.88,1196.23,1711.79,218.43,2171,311 312 313 314 315 316 317 318 319 320 321 322 323 324 364 1679 1678 1532 1589 1586 2171,582,256.67 ,1196.23,1711.79
